<?xml version="1.0" encoding="utf-8" standalone="yes"?>
<rss version="2.0" xmlns:atom="http://www.w3.org/2005/Atom">
  <channel>
    <title>A Hugo website</title>
    <link>/</link>
    <description>Recent content on A Hugo website</description>
    <generator>Hugo -- gohugo.io</generator>
    <language>en-us</language>
    <lastBuildDate>Thu, 18 Apr 2024 00:00:00 +0000</lastBuildDate><atom:link href="/index.xml" rel="self" type="application/rss+xml" />
    <item>
      <title>New Class Post</title>
      <link>/2024/04/18/new-class-post/</link>
      <pubDate>Thu, 18 Apr 2024 00:00:00 +0000</pubDate>
      
      <guid>/2024/04/18/new-class-post/</guid>
      <description>And anything I write here should be displayed. Now every time I save I can see it.</description>
    </item>
    
    <item>
      <title>About Me</title>
      <link>/2022/04/18/about-me/</link>
      <pubDate>Mon, 18 Apr 2022 00:00:00 +0000</pubDate>
      
      <guid>/2022/04/18/about-me/</guid>
      <description>&amp;ldquo;Spencer Castro is an assistant professor at the University of California Merced in the Management of Complex Systems Department in the School of Engineering. He was formerly a Postdoctoral Fellow in the Underrepresented and Disadvantaged Scholars Program and a former National Science Foundation Pre-Doctoral Graduate Research Fellow (GRFP) at the University of Utah, working with Dr. David Strayer. Spencer was awarded the NSF GRFP for research on the capacity of attention under cognitive workload, particularly in the context of technology and multitasking.</description>
    </item>
    
    <item>
      <title>Hello R Markdown</title>
      <link>/2020/12/01/hello-r-markdown/</link>
      <pubDate>Tue, 01 Dec 2020 21:13:14 -0500</pubDate>
      
      <guid>/2020/12/01/hello-r-markdown/</guid>
      <description>R Markdown This is an R Markdown document. Markdown is a simple formatting syntax for authoring HTML, PDF, and MS Word documents. For more details on using R Markdown see http://rmarkdown.rstudio.com.
You can embed an R code chunk like this:
summary(cars) ## speed dist ## Min. : 4.0 Min. : 2.00 ## 1st Qu.:12.0 1st Qu.: 26.00 ## Median :15.0 Median : 36.00 ## Mean :15.4 Mean : 42.</description>
    </item>
    
    <item>
      <title>A Plain Markdown Post</title>
      <link>/2016/12/30/a-plain-markdown-post/</link>
      <pubDate>Fri, 30 Dec 2016 21:49:57 -0700</pubDate>
      
      <guid>/2016/12/30/a-plain-markdown-post/</guid>
      <description>This is a post written in plain Markdown (*.md) instead of R Markdown (*.Rmd). The major differences are:
 You cannot run any R code in a plain Markdown document, whereas in an R Markdown document, you can embed R code chunks (```{r}); A plain Markdown post is rendered through Blackfriday, and an R Markdown document is compiled by rmarkdown and Pandoc.  There are many differences in syntax between Blackfriday&amp;rsquo;s Markdown and Pandoc&amp;rsquo;s Markdown.</description>
    </item>
    
    <item>
      <title>Lorem Ipsum</title>
      <link>/2015/01/01/lorem-ipsum/</link>
      <pubDate>Thu, 01 Jan 2015 13:09:13 -0600</pubDate>
      
      <guid>/2015/01/01/lorem-ipsum/</guid>
      <description>Lorem ipsum dolor sit amet, consectetur adipiscing elit, sed do eiusmod tempor incididunt ut labore et dolore magna aliqua. Ut enim ad minim veniam, quis nostrud exercitation ullamco laboris nisi ut aliquip ex ea commodo consequat. Duis aute irure dolor in reprehenderit in voluptate velit esse cillum dolore eu fugiat nulla pariatur. Excepteur sint occaecat cupidatat non proident, sunt in culpa qui officia deserunt mollit anim id est laborum.</description>
    </item>
    
  </channel>
</rss>
